Method,MeanSpeedAccuracy,MSDAccuracy,TSDAccuracy,MeanAngleAccuracy
"Decision Tree",0.838902691511387,0.882484472049689,0.768964803312629,0.79351966873706
"Bagged Tree",0.870133333333334,0.9072,0.869333333333333,0.892
